DiseaseID,Disease,CF_TriggerIncites,MF_IncreasesOccurance,MF_DecreasesOccurance
DIS0157,Yellows / Wilt,"CF14_HighHumidity, CF16_20-30C, CF11_LeafWetness/PoorDrain","MF14_HighHumidity, MF12_AirReduce, MF9_MoistRetain","MF13_AirEnhance, MF10_RapidDry, MF3G_GroundSun"
DIS0156,Okra Yellow Vein Mosaic (YVMV),"CF21_WhiteflyHigh, CF16_25-35°C",MF22_PestShelter,"MF20_BeneficialInsect, MF21_PestDiversion"
DIS0155,Yellow Rust,"CF14_HighHumidity, CF16_20-30C, CF11_LeafWetness/PoorDrain","MF14_HighHumidity, MF12_AirReduce, MF9_MoistRetain","MF13_AirEnhance, MF10_RapidDry, MF3G_GroundSun"
DIS0154,Blackgram Yellow Mosaic Virus,"CF21_WhiteflyHigh, CF16_28-35°C, CF14_LowHumidity","MF22_PestShelter, MF15_DryAtm","MF20_BeneficialInsect, MF14_HighHumidity"
DIS0153,Yellow Leaf Disease,"CF14_HighHumidity, CF16_20-30C, CF11_LeafWetness/PoorDrain","MF14_HighHumidity, MF12_AirReduce, MF9_MoistRetain","MF13_AirEnhance, MF10_RapidDry, MF3G_GroundSun"
DIS0152,Witches Broom,"CF14_HighHumidity, CF16_20-30C, CF11_LeafWetness/PoorDrain","MF14_HighHumidity, MF12_AirReduce, MF9_MoistRetain","MF13_AirEnhance, MF10_RapidDry, MF3G_GroundSun"
DIS0151,Wilt,"CF14_HighHumidity, CF16_20-30C, CF11_LeafWetness/PoorDrain","MF14_HighHumidity, MF12_AirReduce, MF9_MoistRetain","MF13_AirEnhance, MF10_RapidDry, MF3G_GroundSun"
DIS0150,White Rust,"CF14_HighHumidity, CF16_20-30C, CF11_LeafWetness/PoorDrain","MF14_HighHumidity, MF12_AirReduce, MF9_MoistRetain","MF13_AirEnhance, MF10_RapidDry, MF3G_GroundSun"
DIS0149,Virus,"CF21_VectorHigh, CF16_20-35C, CF14_HighCanopyHumidity","MF22_PestShelter, MF12_AirReduce","MF20_BeneficialInsect, MF21_PestDiversion, MF13_AirEnhance"
DIS0148,Vascular Streak Dieback,"CF14_HighHumidity, CF16_20-30C, CF11_LeafWetness/PoorDrain","MF14_HighHumidity, MF12_AirReduce, MF9_MoistRetain","MF13_AirEnhance, MF10_RapidDry, MF3G_GroundSun"
DIS0147,Twig Blight,"CF14_HighHumidity, CF16_20-30C, CF11_LeafWetness/PoorDrain","MF14_HighHumidity, MF12_AirReduce, MF9_MoistRetain","MF13_AirEnhance, MF10_RapidDry, MF3G_GroundSun"
DIS0146,Turcicum Leaf Blight,"CF14_HighHumidity, CF16_20-30C, CF11_LeafWetness/PoorDrain","MF14_HighHumidity, MF12_AirReduce, MF9_MoistRetain","MF13_AirEnhance, MF10_RapidDry, MF3G_GroundSun"
DIS0145,Tristeza Virus,"CF21_VectorHigh, CF16_20-35C, CF14_HighCanopyHumidity","MF22_PestShelter, MF12_AirReduce","MF20_BeneficialInsect, MF21_PestDiversion, MF13_AirEnhance"
DIS0144,Tikka Leaf Spot,"CF14_HighHumidity, CF16_20-30C, CF11_LeafWetness/PoorDrain","MF14_HighHumidity, MF12_AirReduce, MF9_MoistRetain","MF13_AirEnhance, MF10_RapidDry, MF3G_GroundSun"
DIS0143,Tanjore Wilt,"CF14_HighHumidity, CF16_20-30C, CF11_LeafWetness/PoorDrain","MF14_HighHumidity, MF12_AirReduce, MF9_MoistRetain","MF13_AirEnhance, MF10_RapidDry, MF3G_GroundSun"
DIS0142,Stunt Disease,"CF14_HighHumidity, CF16_20-30C, CF11_LeafWetness/PoorDrain","MF14_HighHumidity, MF12_AirReduce, MF9_MoistRetain","MF13_AirEnhance, MF10_RapidDry, MF3G_GroundSun"
DIS0141,Redgram Sterility Mosaic Virus,"CF21_MiteHigh, CF16_20-30°C, CF14_LowHumidity","MF22_PestShelter, MF15_DryAtm","MF20_BeneficialInsect, MF14_HighHumidity"
DIS0140,Onion Stemphylium Leaf Blight,"CF16_25-30°C, CF14_Humidity>80%, CF4_LowOC","MF14_HighHumidity, MF12_AirReduce","MF13_AirEnhance, MF3G_GroundSun"
DIS0139,Groundnut Stem Rot (Sclerotium rolfsii),"CF11_PoorDrain, CF16_25-35°C, CF14_HighHumidity","MF9_MoistRetain, MF14_HighHumidity","MF10_RapidDry, MF13_AirEnhance"
DIS0138,Stem Gall,"CF14_HighHumidity, CF16_20-30C, CF11_LeafWetness/PoorDrain","MF14_HighHumidity, MF12_AirReduce, MF9_MoistRetain","MF13_AirEnhance, MF10_RapidDry, MF3G_GroundSun"
DIS0137,Stem Canker,"CF14_HighHumidity, CF16_20-30C, CF11_LeafWetness/PoorDrain","MF14_HighHumidity, MF12_AirReduce, MF9_MoistRetain","MF13_AirEnhance, MF10_RapidDry, MF3G_GroundSun"
DIS0136,Stem Bleeding,"CF14_HighHumidity, CF16_20-30C, CF11_LeafWetness/PoorDrain","MF14_HighHumidity, MF12_AirReduce, MF9_MoistRetain","MF13_AirEnhance, MF10_RapidDry, MF3G_GroundSun"
DIS0135,Soft Rot,"CF14_HighHumidity, CF16_20-30C, CF11_LeafWetness/PoorDrain","MF14_HighHumidity, MF12_AirReduce, MF9_MoistRetain","MF13_AirEnhance, MF10_RapidDry, MF3G_GroundSun"
DIS0134,Millet Smut (Moesziomyces penicillariae),"CF16_25-30°C, CF14_HighHumidity, CF4_LowOC","MF9_MoistRetain, MF14_HighHumidity","MF13_AirEnhance, MF10_RapidDry"
DIS0133,Slow Wilt,"CF14_HighHumidity, CF16_20-30C, CF11_LeafWetness/PoorDrain","MF14_HighHumidity, MF12_AirReduce, MF9_MoistRetain","MF13_AirEnhance, MF10_RapidDry, MF3G_GroundSun"
DIS0132,Banana Sigatoka Leaf Spot (Mycosphaerella musicola),"CF14_Humidity>80%, CF16_25-28°C, CF4_LowOC","MF14_HighHumidity, MF12_AirReduce","MF13_AirEnhance, MF3G_GroundSun"
DIS0131,Maize Banded Leaf & Sheath Blight (Rhizoctonia solani),"CF16_25-30°C, CF14_Humidity>85%, CF11_PoorDrain","MF9_MoistRetain, MF14_HighHumidity, MF7_HeatAccum","MF13_AirEnhance, MF10_RapidDry"
DIS0130,Seedling Wilt,"CF14_HighHumidity, CF16_20-30C, CF11_LeafWetness/PoorDrain","MF14_HighHumidity, MF12_AirReduce, MF9_MoistRetain","MF13_AirEnhance, MF10_RapidDry, MF3G_GroundSun"
DIS0129,Seedling Blight,"CF14_HighHumidity, CF16_20-30C, CF11_LeafWetness/PoorDrain","MF14_HighHumidity, MF12_AirReduce, MF9_MoistRetain","MF13_AirEnhance, MF10_RapidDry, MF3G_GroundSun"
DIS0128,Sclerotinia Stem Rot,"CF14_HighHumidity, CF16_20-30C, CF11_LeafWetness/PoorDrain","MF14_HighHumidity, MF12_AirReduce, MF9_MoistRetain","MF13_AirEnhance, MF10_RapidDry, MF3G_GroundSun"
DIS0127,Sclerotinia,"CF14_HighHumidity, CF16_20-30C, CF11_LeafWetness/PoorDrain","MF14_HighHumidity, MF12_AirReduce, MF9_MoistRetain","MF13_AirEnhance, MF10_RapidDry, MF3G_GroundSun"
DIS0126,Scab,"CF14_HighHumidity, CF16_20-30C, CF11_LeafWetness/PoorDrain","MF14_HighHumidity, MF12_AirReduce, MF9_MoistRetain","MF13_AirEnhance, MF10_RapidDry, MF3G_GroundSun"
DIS0125,Rust (Puccinia spp.),"CF16_15-22°C, CF14_HighHumidity, CF11_PoorDrain","MF14_HighHumidity, MF12_AirReduce","MF13_AirEnhance, MF11_WindBarrier"
DIS0124,Root Wilt,"CF14_HighHumidity, CF16_20-30C, CF11_LeafWetness/PoorDrain","MF14_HighHumidity, MF12_AirReduce, MF9_MoistRetain","MF13_AirEnhance, MF10_RapidDry, MF3G_GroundSun"
DIS0123,Root Rot,"CF14_HighHumidity, CF16_20-30C, CF11_LeafWetness/PoorDrain","MF14_HighHumidity, MF12_AirReduce, MF9_MoistRetain","MF13_AirEnhance, MF10_RapidDry, MF3G_GroundSun"
DIS0122,Ring Spot Virus,"CF21_VectorHigh, CF16_20-35C, CF14_HighCanopyHumidity","MF22_PestShelter, MF12_AirReduce","MF20_BeneficialInsect, MF21_PestDiversion, MF13_AirEnhance"
DIS0121,Rice Tungro Virus (RTBV/RTSV),"CF21_WhiteflyHigh, CF16_25-30°C",MF22_PestShelter,"MF20_BeneficialInsect, MF21_PestDiversion"
DIS0120,Rice Sheath Blight (Rhizoctonia solani),"CF14_Humidity>95%, CF16_24-30°C, CF9_LowWHC","MF14_HighHumidity, MF9_MoistRetain, MF7_HeatAccum","MF13_AirEnhance, MF3G_GroundSun"
DIS0119,Rice Blast (Pyricularia oryzae),"CF16_Temp20-26°C, CF14_HighN, CF11_PoorDrain","MF14_HighHumidity, MF12_AirReduce, MF9_MoistRetain","MF13_AirEnhance, MF11_WindBarrier, MF5_SurfaceCool"
DIS0118,Rice Bacterial Leaf Blight (Xanthomonas oryzae),"CF14_Waterlogged, CF16_25-30°C, CF5_NeutpH","MF12_AirReduce, MF14_HighHumidity","MF13_AirEnhance, MF11_WindBarrier"
DIS0117,Rhizopus Fruit Rot,"CF14_HighHumidity, CF16_20-30C, CF11_LeafWetness/PoorDrain","MF14_HighHumidity, MF12_AirReduce, MF9_MoistRetain","MF13_AirEnhance, MF10_RapidDry, MF3G_GroundSun"
DIS0116,Turmeric Rhizome Rot (Pythium aphanidermatum),"CF11_PoorDrain, CF24_FloodRisk, CF16_25-30°C","MF9_MoistRetain, MF14_HighHumidity","MF10_RapidDry, MF13_AirEnhance"
DIS0115,Redgram Wilt (Fusarium udum),"CF5_pH>7.5, CF25_Drought, CF4_LowOC","MF10_RapidDry, MF15_DryAtm","MF5_SurfaceCool, MF9_MoistRetain"
DIS0114,Red Rust,"CF14_HighHumidity, CF16_20-30C, CF11_LeafWetness/PoorDrain","MF14_HighHumidity, MF12_AirReduce, MF9_MoistRetain","MF13_AirEnhance, MF10_RapidDry, MF3G_GroundSun"
DIS0113,Sugarcane Red Rot (Colletotrichum falcatum),"CF16_25-30°C, CF14_HighHumidity, CF11_PoorDrain","MF9_MoistRetain, MF14_HighHumidity","MF10_RapidDry, MF13_AirEnhance"
DIS0112,Pythium,"CF14_HighHumidity, CF16_20-30C, CF11_LeafWetness/PoorDrain","MF14_HighHumidity, MF12_AirReduce, MF9_MoistRetain","MF13_AirEnhance, MF10_RapidDry, MF3G_GroundSun"
DIS0111,Onion Purple Blotch (Alternaria porri),"CF16_25-30°C, CF14_Humidity>80%, CF4_LowOC","MF14_HighHumidity, MF12_AirReduce","MF13_AirEnhance, MF10_RapidDry"
DIS0110,Powdery Mildew (Podosphaera xanthii),"CF16_22-30°C, CF14_Humidity60-80%","MF15_DryAtm, MF7_HeatAccum","MF14_HighHumidity, MF5_SurfaceCool"
DIS0109,Potato Virus,"CF21_VectorHigh, CF16_20-35C, CF14_HighCanopyHumidity","MF22_PestShelter, MF12_AirReduce","MF20_BeneficialInsect, MF21_PestDiversion, MF13_AirEnhance"
DIS0108,Pollu Disease,"CF14_HighHumidity, CF16_20-30C, CF11_LeafWetness/PoorDrain","MF14_HighHumidity, MF12_AirReduce, MF9_MoistRetain","MF13_AirEnhance, MF10_RapidDry, MF3G_GroundSun"
DIS0107,Pod Rot,"CF14_HighHumidity, CF16_20-30C, CF11_LeafWetness/PoorDrain","MF14_HighHumidity, MF12_AirReduce, MF9_MoistRetain","MF13_AirEnhance, MF10_RapidDry, MF3G_GroundSun"
DIS0106,Pink Disease,"CF14_HighHumidity, CF16_20-30C, CF11_LeafWetness/PoorDrain","MF14_HighHumidity, MF12_AirReduce, MF9_MoistRetain","MF13_AirEnhance, MF10_RapidDry, MF3G_GroundSun"
DIS0105,Redgram Phytophthora Blight (Phytophthora drechsleri),"CF11_PoorDrain, CF24_FloodRisk, CF16_25-30°C","MF9_MoistRetain, MF14_HighHumidity","MF10_RapidDry, MF13_AirEnhance"
DIS0104,Sesame Phyllody (Phytoplasma),"CF21_LeafhooperHigh, CF16_28-35°C","MF22_PestShelter, MF15_DryAtm","MF20_BeneficialInsect, MF14_HighHumidity"
DIS0103,Brinjal Phomopsis Blight (Phomopsis vexans),"CF16_25-30°C, CF14_Humidity>80%, CF4_LowOC","MF14_HighHumidity, MF9_MoistRetain","MF13_AirEnhance, MF10_RapidDry"
DIS0102,Banana Panama Wilt (Fusarium oxysporum f.sp. cubense),"CF5_pH>7, CF25_Drought, CF9_LowWHC","MF10_RapidDry, MF7_HeatAccum","MF9_MoistRetain, MF5_SurfaceCool"
DIS0101,Rice Neck Rot (Bakanae/Fusarium),"CF16_28-32°C, CF11_PoorDrain, CF14_HighN","MF9_MoistRetain, MF7_HeatAccum","MF10_RapidDry, MF13_AirEnhance"
DIS0100,Mottling,"CF14_HighHumidity, CF16_20-30C, CF11_LeafWetness/PoorDrain","MF14_HighHumidity, MF12_AirReduce, MF9_MoistRetain","MF13_AirEnhance, MF10_RapidDry, MF3G_GroundSun"
DIS0099,Common Mosaic Virus,"CF21_AphidHigh, CF16_20-28°C",MF22_PestShelter (aphid),"MF20_BeneficialInsect, MF21_PestDiversion"
DIS0098,Moko Wilt,"CF14_HighHumidity, CF16_20-30C, CF11_LeafWetness/PoorDrain","MF14_HighHumidity, MF12_AirReduce, MF9_MoistRetain","MF13_AirEnhance, MF10_RapidDry, MF3G_GroundSun"
DIS0097,Maydis Leaf Blight,"CF14_HighHumidity, CF16_20-30C, CF11_LeafWetness/PoorDrain","MF14_HighHumidity, MF12_AirReduce, MF9_MoistRetain","MF13_AirEnhance, MF10_RapidDry, MF3G_GroundSun"
DIS0096,Malformation,"CF14_HighHumidity, CF16_20-30C, CF11_LeafWetness/PoorDrain","MF14_HighHumidity, MF12_AirReduce, MF9_MoistRetain","MF13_AirEnhance, MF10_RapidDry, MF3G_GroundSun"
DIS0095,Maize Downy Mildew (Peronosclerospora maydis),"CF14_HighHumidity, CF16_20-25°C, CF11_PoorDrain","MF14_HighHumidity, MF12_AirReduce","MF13_AirEnhance, MF3G_GroundSun"
DIS0094,Macrophomina Root Rot,"CF14_HighHumidity, CF16_20-30C, CF11_LeafWetness/PoorDrain","MF14_HighHumidity, MF12_AirReduce, MF9_MoistRetain","MF13_AirEnhance, MF10_RapidDry, MF3G_GroundSun"
DIS0093,Wheat Loose Smut (Ustilago tritici),"CF16_16-22°C, CF14_HighHumidity at anthesis","MF14_HighHumidity, MF9_MoistRetain","MF10_RapidDry, MF13_AirEnhance"
DIS0092,Brinjal Little Leaf Phytoplasma,"CF21_LeafhooperHigh, CF16_28-35°C",MF22_PestShelter,"MF20_BeneficialInsect, MF21_PestDiversion"
DIS0091,Leaf Spot (Pestalotiopsis sapotae),"CF16_25-32°C, CF14_Humidity>75%","MF14_HighHumidity, MF12_AirReduce","MF13_AirEnhance, MF3G_GroundSun"
DIS0090,Leaf Rot,"CF14_HighHumidity, CF16_20-30C, CF11_LeafWetness/PoorDrain","MF14_HighHumidity, MF12_AirReduce, MF9_MoistRetain","MF13_AirEnhance, MF10_RapidDry, MF3G_GroundSun"
DIS0089,Tomato Leaf Curl Virus (ToLCV),"CF21_WhiteflyHigh, CF16_28-35°C",MF22_PestShelter,"MF20_BeneficialInsect, MF21_PestDiversion"
DIS0088,Leaf Curl,"CF21_VectorHigh, CF16_20-35C, CF14_HighCanopyHumidity","MF22_PestShelter, MF12_AirReduce","MF20_BeneficialInsect, MF21_PestDiversion, MF13_AirEnhance"
DIS0087,Turmeric Leaf Blotch (Taphrina maculans),"CF16_25-30°C, CF14_Humidity>80%, CF4_LowOC","MF14_HighHumidity, MF12_AirReduce","MF13_AirEnhance, MF5_SurfaceCool"
DIS0086,Web Blight (Rhizoctonia solani),"CF14_Humidity>85%, CF16_25-30°C, CF11_PoorDrain","MF14_HighHumidity, MF9_MoistRetain","MF13_AirEnhance, MF10_RapidDry"
DIS0085,Tomato Late Blight (Phytophthora infestans),"CF16_15-22°C, CF14_Humidity>90%, CF11_PoorDrain","MF14_HighHumidity, MF9_MoistRetain","MF13_AirEnhance, MF3G_GroundSun"
DIS0085,Potato Late Blight (Phytophthora infestans),"CF16_12-22°C, CF14_Humidity>90%, CF11_PoorDrain","MF14_HighHumidity, MF9_MoistRetain","MF13_AirEnhance, MF3G_GroundSun"
DIS0084,Khaira Disease (Zn deficiency),"CF4_LowOrganicCarbon/MicronutrientImbalance, CF5_pH_imbalance","MF10_RapidDry, MF15_DryAtm","MF9_MoistRetain, MF17_SurfaceMulch"
DIS0083,Katte / Mosaic Virus,"CF21_VectorHigh, CF16_20-35C, CF14_HighCanopyHumidity","MF22_PestShelter, MF12_AirReduce","MF20_BeneficialInsect, MF21_PestDiversion, MF13_AirEnhance"
DIS0082,Helminthosporium Leaf Spot,"CF14_HighHumidity, CF16_20-30C, CF11_LeafWetness/PoorDrain","MF14_HighHumidity, MF12_AirReduce, MF9_MoistRetain","MF13_AirEnhance, MF10_RapidDry, MF3G_GroundSun"
DIS0081,Heart Rot (High - Boron),"CF14_HighHumidity, CF16_20-30C, CF11_LeafWetness/PoorDrain","MF14_HighHumidity, MF12_AirReduce, MF9_MoistRetain","MF13_AirEnhance, MF10_RapidDry, MF3G_GroundSun"
DIS0080,Millet Head Smut (Sorosporium paspali),"CF16_25-30°C, CF5_pH>7, CF4_LowOC","MF14_HighHumidity, MF9_MoistRetain","MF13_AirEnhance, MF3G_GroundSun"
DIS0079,Head Rot,"CF14_HighHumidity, CF16_20-30C, CF11_LeafWetness/PoorDrain","MF14_HighHumidity, MF12_AirReduce, MF9_MoistRetain","MF13_AirEnhance, MF10_RapidDry, MF3G_GroundSun"
DIS0078,Head Blight,"CF14_HighHumidity, CF16_20-30C, CF11_LeafWetness/PoorDrain","MF14_HighHumidity, MF12_AirReduce, MF9_MoistRetain","MF13_AirEnhance, MF10_RapidDry, MF3G_GroundSun"
DIS0077,Gummosis,"CF14_HighHumidity, CF16_20-30C, CF11_LeafWetness/PoorDrain","MF14_HighHumidity, MF12_AirReduce, MF9_MoistRetain","MF13_AirEnhance, MF10_RapidDry, MF3G_GroundSun"
DIS0076,Groundnut Tikka Leaf Spot (Cercospora arachidicola),"CF16_25-30°C, CF6_HighEC, CF25_Drought","MF7_HeatAccum, MF15_DryAtm","MF5_SurfaceCool, MF6_CanopyCool"
DIS0075,Groundnut Dry Root Rot (Macrophomina phaseolina),"CF25_Drought, CF16>35°C, CF9_LowWHC<20%","MF7_HeatAccum, MF10_RapidDry, MF15_DryAtm","MF9_MoistRetain, MF17_SurfaceMulch"
DIS0074,Grey Blight,"CF14_HighHumidity, CF16_20-30C, CF11_LeafWetness/PoorDrain","MF14_HighHumidity, MF12_AirReduce, MF9_MoistRetain","MF13_AirEnhance, MF10_RapidDry, MF3G_GroundSun"
DIS0073,Citrus Greening (Huanglongbing - Candidatus Liberibacter),"CF21_PsyllidHigh, CF16_25-35°C",MF22_PestShelter,"MF20_BeneficialInsect, MF21_PestDiversion"
DIS0072,Sugarcane Grassy Shoot Phytoplasma,"CF21_LeafhooperHigh, CF16_28-35°C",MF22_PestShelter,"MF20_BeneficialInsect, MF21_PestDiversion"
DIS0071,Sorghum Grain Smut (Sporisorium sorghi),"CF16_20-28°C, CF5_pH>7, CF11_PoorDrain","MF9_MoistRetain, MF14_HighHumidity","MF10_RapidDry, MF13_AirEnhance"
DIS0070,Ganoderma / Foot Rot,"CF14_HighHumidity, CF16_20-30C, CF11_LeafWetness/PoorDrain","MF14_HighHumidity, MF12_AirReduce, MF9_MoistRetain","MF13_AirEnhance, MF10_RapidDry, MF3G_GroundSun"
DIS0069,Wilt (Fusarium oxysporum),"CF5_pH>8, CF25_Drought, CF16_20-30°C","MF10_RapidDry, MF7_HeatAccum","MF9_MoistRetain, MF5_SurfaceCool"
DIS0068,Pomegranate Cercospora Fruit Spot,"CF16_25-30°C, CF14_Humidity>80%, CF4_LowOC","MF14_HighHumidity, MF9_MoistRetain","MF13_AirEnhance, MF10_RapidDry"
DIS0067,Fruit Rot / Mahali,"CF14_HighHumidity, CF16_20-30C, CF11_LeafWetness/PoorDrain","MF14_HighHumidity, MF12_AirReduce, MF9_MoistRetain","MF13_AirEnhance, MF10_RapidDry, MF3G_GroundSun"
DIS0066,Fruit Rot,"CF14_HighHumidity, CF16_20-30C, CF11_LeafWetness/PoorDrain","MF14_HighHumidity, MF12_AirReduce, MF9_MoistRetain","MF13_AirEnhance, MF10_RapidDry, MF3G_GroundSun"
DIS0065,Fruit Canker,"CF14_HighHumidity, CF16_20-30C, CF11_LeafWetness/PoorDrain","MF14_HighHumidity, MF12_AirReduce, MF9_MoistRetain","MF13_AirEnhance, MF10_RapidDry, MF3G_GroundSun"
DIS0064,Foot Rot / Wilt,"CF14_HighHumidity, CF16_20-30C, CF11_LeafWetness/PoorDrain","MF14_HighHumidity, MF12_AirReduce, MF9_MoistRetain","MF13_AirEnhance, MF10_RapidDry, MF3G_GroundSun"
DIS0063,Foot Rot / Stem Rot,"CF14_HighHumidity, CF16_20-30C, CF11_LeafWetness/PoorDrain","MF14_HighHumidity, MF12_AirReduce, MF9_MoistRetain","MF13_AirEnhance, MF10_RapidDry, MF3G_GroundSun"
DIS0062,Foot Rot / Quick Wilt,"CF14_HighHumidity, CF16_20-30C, CF11_LeafWetness/PoorDrain","MF14_HighHumidity, MF12_AirReduce, MF9_MoistRetain","MF13_AirEnhance, MF10_RapidDry, MF3G_GroundSun"
DIS0061,Papaya Phytophthora Foot Rot,"CF11_PoorDrain, CF24_FloodRisk, CF16_20-30°C","MF9_MoistRetain, MF7_HeatAccum","MF10_RapidDry, MF13_AirEnhance"
DIS0060,Pearl Millet Ergot (Claviceps fusiformis),"CF16_20-28°C, CF14_Humidity>80%, CF5_NeutpH","MF14_HighHumidity, MF12_AirReduce","MF13_AirEnhance, MF10_RapidDry"
DIS0059,Enation Leaf Curl,"CF21_VectorHigh, CF16_20-35C, CF14_HighCanopyHumidity","MF22_PestShelter, MF12_AirReduce","MF20_BeneficialInsect, MF21_PestDiversion, MF13_AirEnhance"
DIS0058,Tomato Early Blight (Alternaria solani),"CF16_25-30°C, CF14_Humidity>80%, CF4_LowOC","MF14_HighHumidity, MF12_AirReduce","MF13_AirEnhance, MF10_RapidDry"
DIS0058,Potato Early Blight (Alternaria solani),"CF16_25-30°C, CF14_Humidity>75%, CF4_LowOC","MF14_HighHumidity, MF12_AirReduce","MF13_AirEnhance, MF10_RapidDry"
DIS0057,Dry Rot,"CF14_HighHumidity, CF16_20-30C, CF11_LeafWetness/PoorDrain","MF14_HighHumidity, MF12_AirReduce, MF9_MoistRetain","MF13_AirEnhance, MF10_RapidDry, MF3G_GroundSun"
DIS0056,Dry Root Rot,"CF14_HighHumidity, CF16_20-30C, CF11_LeafWetness/PoorDrain","MF14_HighHumidity, MF12_AirReduce, MF9_MoistRetain","MF13_AirEnhance, MF10_RapidDry, MF3G_GroundSun"
DIS0055,Downy Mildew (Peronosclerospora sorghi),"CF16_18-22°C, CF14_HighHumidity, CF11_PoorDrain","MF14_HighHumidity, MF12_AirReduce","MF13_AirEnhance, MF3G_GroundSun"
DIS0054,Cashew Die Back (Lasiodiplodia theobromae),"CF16>35°C, CF25_Drought, CF4_LowOC","MF7_HeatAccum, MF10_RapidDry","MF5_SurfaceCool, MF9_MoistRetain"
DIS0053,Damping Off (Pythium aphanidermatum),"CF11_PoorDrain, CF9_HighWHC>30%","MF9_MoistRetain, MF14_HighHumidity","MF10_RapidDry, MF13_AirEnhance"
DIS0053,Amaranthus Damping Off (Pythium sp.),"CF11_PoorDrain, CF9_HighWHC>30%","MF9_MoistRetain, MF14_HighHumidity","MF10_RapidDry, MF13_AirEnhance"
DIS0052,Curd Rot,"CF14_HighHumidity, CF16_20-30C, CF11_LeafWetness/PoorDrain","MF14_HighHumidity, MF12_AirReduce, MF9_MoistRetain","MF13_AirEnhance, MF10_RapidDry, MF3G_GroundSun"
DIS0051,Cowpea Mosaic Virus,"CF21_VectorHigh, CF16_20-35C, CF14_HighCanopyHumidity","MF22_PestShelter, MF12_AirReduce","MF20_BeneficialInsect, MF21_PestDiversion, MF13_AirEnhance"
DIS0050,Cotton Leaf Curl Virus (CLCuV),"CF21_WhiteflyHigh, CF16_25-35°C",MF22_PestShelter,"MF20_BeneficialInsect, MF21_PestDiversion"
DIS0049,Cotton Boll Rot (Fusarium/Colletotrichum),"CF25_DroughtHigh, CF16>35°C, CF4_LowOC","MF7_HeatAccum, MF10_RapidDry","MF5_SurfaceCool, MF6_CanopyCool, MF9_MoistRetain"
DIS0048,Corm Rot,"CF14_HighHumidity, CF16_20-30C, CF11_LeafWetness/PoorDrain","MF14_HighHumidity, MF12_AirReduce, MF9_MoistRetain","MF13_AirEnhance, MF10_RapidDry, MF3G_GroundSun"
DIS0047,Common Scab,"CF14_HighHumidity, CF16_20-30C, CF11_LeafWetness/PoorDrain","MF14_HighHumidity, MF12_AirReduce, MF9_MoistRetain","MF13_AirEnhance, MF10_RapidDry, MF3G_GroundSun"
DIS0046,Common Rust,"CF14_HighHumidity, CF16_20-30C, CF11_LeafWetness/PoorDrain","MF14_HighHumidity, MF12_AirReduce, MF9_MoistRetain","MF13_AirEnhance, MF10_RapidDry, MF3G_GroundSun"
DIS0045,Collar Rot,"CF14_HighHumidity, CF16_20-30C, CF11_LeafWetness/PoorDrain","MF14_HighHumidity, MF12_AirReduce, MF9_MoistRetain","MF13_AirEnhance, MF10_RapidDry, MF3G_GroundSun"
DIS0044,Coffee Leaf Rust,"CF14_HighHumidity, CF16_20-30C, CF11_LeafWetness/PoorDrain","MF14_HighHumidity, MF12_AirReduce, MF9_MoistRetain","MF13_AirEnhance, MF10_RapidDry, MF3G_GroundSun"
DIS0043,Cabbage Club Root (Plasmodiophora brassicae),"CF5_pH<6.5, CF11_PoorDrain, CF16_18-25°C","MF9_MoistRetain, MF14_HighHumidity","MF10_RapidDry, MF5_SurfaceCool"
DIS0042,Citrus Canker (Xanthomonas axonopodis),"CF16_25-35°C, CF14_HighHumidity, CF11_PoorDrain","MF14_HighHumidity, MF12_AirReduce","MF13_AirEnhance, MF11_WindBarrier"
DIS0041,Chocolate Spot,"CF14_HighHumidity, CF16_20-30C, CF11_LeafWetness/PoorDrain","MF14_HighHumidity, MF12_AirReduce, MF9_MoistRetain","MF13_AirEnhance, MF10_RapidDry, MF3G_GroundSun"
DIS0040,Chilli Leaf Curl Virus,"CF21_WhiteflyHigh, CF14_HighN",MF22_PestShelter,"MF20_BeneficialInsect, MF21_PestDiversion"
DIS0039,Chilli Damping Off (Pythium aphanidermatum),"CF11_PoorDrain, CF9_HighWHC>30%","MF9_MoistRetain, MF14_HighHumidity","MF10_RapidDry, MF13_AirEnhance"
DIS0038,Chenthal,"CF14_HighHumidity, CF16_20-30C, CF11_LeafWetness/PoorDrain","MF14_HighHumidity, MF12_AirReduce, MF9_MoistRetain","MF13_AirEnhance, MF10_RapidDry, MF3G_GroundSun"
DIS0037,Sorghum Charcoal Rot (Macrophomina phaseolina),"CF25_Drought, CF16>35°C, CF9_LowWHC","MF10_RapidDry, MF7_HeatAccum, MF15_DryAtm","MF9_MoistRetain, MF5_SurfaceCool"
DIS0036,Greengram Cercospora Leaf Spot,"CF16_25-30°C, CF14_Humidity>80%, CF4_LowOC","MF14_HighHumidity, MF12_AirReduce","MF13_AirEnhance, MF3G_GroundSun"
DIS0035,Cavity Spot,"CF14_HighHumidity, CF16_20-30C, CF11_LeafWetness/PoorDrain","MF14_HighHumidity, MF12_AirReduce, MF9_MoistRetain","MF13_AirEnhance, MF10_RapidDry, MF3G_GroundSun"
DIS0034,Capsule Rot / Azhukal,"CF14_HighHumidity, CF16_20-30C, CF11_LeafWetness/PoorDrain","MF14_HighHumidity, MF12_AirReduce, MF9_MoistRetain","MF13_AirEnhance, MF10_RapidDry, MF3G_GroundSun"
DIS0033,Banana Bunchy Top Virus (BBTV),"CF21_AphidHigh, CF16_20-30°C",MF22_PestShelter,"MF20_BeneficialInsect, MF21_PestDiversion"
DIS0032,Coconut Bud Rot (Phytophthora palmivora),"CF11_PoorDrain, CF24_FloodRisk, CF16_25-30°C","MF9_MoistRetain, MF14_HighHumidity","MF10_RapidDry, MF13_AirEnhance"
DIS0031,Bud Necrosis Virus,"CF21_VectorHigh, CF16_20-35C, CF14_HighCanopyHumidity","MF22_PestShelter, MF12_AirReduce","MF20_BeneficialInsect, MF21_PestDiversion, MF13_AirEnhance"
DIS0030,Bud Necrosis,"CF14_HighHumidity, CF16_20-30C, CF11_LeafWetness/PoorDrain","MF14_HighHumidity, MF12_AirReduce, MF9_MoistRetain","MF13_AirEnhance, MF10_RapidDry, MF3G_GroundSun"
DIS0029,Rice Brown Spot (Helminthosporium oryzae),"CF16_25-30°C, CF4_LowOC, CF6_HighEC","MF14_HighHumidity, MF7_HeatAccum","MF13_AirEnhance, MF3G_GroundSun"
DIS0028,Brown Rust,"CF14_HighHumidity, CF16_20-30C, CF11_LeafWetness/PoorDrain","MF14_HighHumidity, MF12_AirReduce, MF9_MoistRetain","MF13_AirEnhance, MF10_RapidDry, MF3G_GroundSun"
DIS0027,Bottom Rot,"CF14_HighHumidity, CF16_20-30C, CF11_LeafWetness/PoorDrain","MF14_HighHumidity, MF12_AirReduce, MF9_MoistRetain","MF13_AirEnhance, MF10_RapidDry, MF3G_GroundSun"
DIS0026,Botrytis Grey Mould (Botrytis cinerea),"CF16_15-20°C, CF14_Humidity>90%, CF11_PoorDrain","MF14_HighHumidity, MF12_AirReduce","MF13_AirEnhance, MF10_RapidDry"
DIS0025,Boll Rot,"CF14_HighHumidity, CF16_20-30C, CF11_LeafWetness/PoorDrain","MF14_HighHumidity, MF12_AirReduce, MF9_MoistRetain","MF13_AirEnhance, MF10_RapidDry, MF3G_GroundSun"
DIS0024,Blue Mold,"CF14_HighHumidity, CF16_20-30C, CF11_LeafWetness/PoorDrain","MF14_HighHumidity, MF12_AirReduce, MF9_MoistRetain","MF13_AirEnhance, MF10_RapidDry, MF3G_GroundSun"
DIS0023,Blister Blight,"CF14_HighHumidity, CF16_20-30C, CF11_LeafWetness/PoorDrain","MF14_HighHumidity, MF12_AirReduce, MF9_MoistRetain","MF13_AirEnhance, MF10_RapidDry, MF3G_GroundSun"
DIS0022,Rice Blast,"CF16_20-25°C, CF14_HighN, CF11_PoorDrain","MF14_HighHumidity, MF12_AirReduce","MF13_AirEnhance, MF5_SurfaceCool"
DIS0021,Black Scurf,"CF14_HighHumidity, CF16_20-30C, CF11_LeafWetness/PoorDrain","MF14_HighHumidity, MF12_AirReduce, MF9_MoistRetain","MF13_AirEnhance, MF10_RapidDry, MF3G_GroundSun"
DIS0020,Black Rust,"CF14_HighHumidity, CF16_20-30C, CF11_LeafWetness/PoorDrain","MF14_HighHumidity, MF12_AirReduce, MF9_MoistRetain","MF13_AirEnhance, MF10_RapidDry, MF3G_GroundSun"
DIS0019,Cauliflower Black Rot (Xanthomonas campestris),"CF16_25-30°C, CF14_HighHumidity, CF11_PoorDrain","MF14_HighHumidity, MF12_AirReduce","MF13_AirEnhance, MF11_WindBarrier"
DIS0018,Black Pod,"CF14_HighHumidity, CF16_20-30C, CF11_LeafWetness/PoorDrain","MF14_HighHumidity, MF12_AirReduce, MF9_MoistRetain","MF13_AirEnhance, MF10_RapidDry, MF3G_GroundSun"
DIS0017,Black Arm,"CF14_HighHumidity, CF16_20-30C, CF11_LeafWetness/PoorDrain","MF14_HighHumidity, MF12_AirReduce, MF9_MoistRetain","MF13_AirEnhance, MF10_RapidDry, MF3G_GroundSun"
DIS0016,Big Vein,"CF14_HighHumidity, CF16_20-30C, CF11_LeafWetness/PoorDrain","MF14_HighHumidity, MF12_AirReduce, MF9_MoistRetain","MF13_AirEnhance, MF10_RapidDry, MF3G_GroundSun"
DIS0015,Basal Rot,"CF14_HighHumidity, CF16_20-30C, CF11_LeafWetness/PoorDrain","MF14_HighHumidity, MF12_AirReduce, MF9_MoistRetain","MF13_AirEnhance, MF10_RapidDry, MF3G_GroundSun"
DIS0014,Bacterial Wilt (Ralstonia solanacearum),"CF16_25-35°C, CF11_PoorDrain, CF9_HighWHC","MF9_MoistRetain, MF7_HeatAccum","MF10_RapidDry, MF13_AirEnhance"
DIS0013,Bacterial Stripe,"CF14_HighHumidity/LeafWetness, CF16_25-35C, CF11_PoorDrain","MF14_HighHumidity, MF12_AirReduce, MF9_MoistRetain","MF13_AirEnhance, MF10_RapidDry, MF11_WindBarrier"
DIS0012,Bacterial Stalk Rot,"CF14_HighHumidity/LeafWetness, CF16_25-35C, CF11_PoorDrain","MF14_HighHumidity, MF12_AirReduce, MF9_MoistRetain","MF13_AirEnhance, MF10_RapidDry, MF11_WindBarrier"
DIS0011,Cotton Angular Leaf Spot (Xanthomonas axonopodis),"CF16_25-30°C, CF14_HighHumidity, CF11_PoorDrain","MF14_HighHumidity, MF12_AirReduce","MF13_AirEnhance, MF11_WindBarrier"
DIS0010,Bacterial Leaf Blight,"CF14_HighHumidity/LeafWetness, CF16_25-35C, CF11_PoorDrain","MF14_HighHumidity, MF12_AirReduce, MF9_MoistRetain","MF13_AirEnhance, MF10_RapidDry, MF11_WindBarrier"
DIS0009,Mango Bacterial Canker (Xanthomonas campestris),"CF16_25-35°C, CF14_HighHumidity, CF11_PoorDrain","MF14_HighHumidity, MF9_MoistRetain","MF13_AirEnhance, MF11_WindBarrier"
DIS0008,Pomegranate Bacterial Blight (Xanthomonas axonopodis),"CF16_25-35°C, CF14_HighHumidity, CF11_PoorDrain","MF14_HighHumidity, MF12_AirReduce","MF13_AirEnhance, MF11_WindBarrier"
DIS0007,Aster Yellows,"CF14_HighHumidity, CF16_20-30C, CF11_LeafWetness/PoorDrain","MF14_HighHumidity, MF12_AirReduce, MF9_MoistRetain","MF13_AirEnhance, MF10_RapidDry, MF3G_GroundSun"
DIS0006,Chickpea Ascochyta Blight (Ascochyta rabiei),"CF16_15-25°C, CF14_Humidity>80%, CF11_PoorDrain","MF14_HighHumidity, MF9_MoistRetain","MF13_AirEnhance, MF3G_GroundSun"
DIS0005,Anthracnose / Fruit Rot,"CF14_HighHumidity, CF16_20-30C, CF11_LeafWetness/PoorDrain","MF14_HighHumidity, MF12_AirReduce, MF9_MoistRetain","MF13_AirEnhance, MF10_RapidDry, MF3G_GroundSun"
DIS0004,Anthracnose (Colletotrichum graminicola),"CF16_25-30°C, CF14_HighHumidity, CF4_LowOC","MF14_HighHumidity, MF9_MoistRetain","MF13_AirEnhance, MF10_RapidDry"
DIS0003,Alternaria Leaf Spot,"CF16_25-32°C, CF14_Humidity>75%, CF4_LowOC","MF14_HighHumidity, MF12_AirReduce","MF13_AirEnhance, MF10_RapidDry"
DIS0002,Alternaria Leaf Blight,"CF14_HighHumidity, CF16_20-30C, CF11_LeafWetness/PoorDrain","MF14_HighHumidity, MF12_AirReduce, MF9_MoistRetain","MF13_AirEnhance, MF10_RapidDry, MF3G_GroundSun"
DIS0001,Alternaria Blight,"CF16_25-30°C, CF14_Humidity>75%, CF4_LowOC","MF14_HighHumidity, MF12_AirReduce","MF13_AirEnhance, MF5_SurfaceCool"
,Rice False Smut (Ustilaginoidea virens),"CF16_25-28°C, CF14_HighHumidity, CF14_HighN","MF14_HighHumidity, MF12_AirReduce","MF13_AirEnhance, MF5_SurfaceCool"
,Maize Ear Rot (Fusarium verticillioides),"CF16>30°C, CF25_Drought, CF4_LowOC","MF7_HeatAccum, MF10_RapidDry","MF9_MoistRetain, MF5_SurfaceCool"
,Tobacco Black Shank (Phytophthora nicotianae),"CF11_PoorDrain, CF24_FloodRisk, CF16_20-30°C","MF9_MoistRetain, MF14_HighHumidity","MF10_RapidDry, MF13_AirEnhance"
,Mango Sooty Mould (Capnodium mangiferae),"CF21_ScaleHopperHigh, CF16_28-35°C",MF22_PestShelter,"MF20_BeneficialInsect, MF13_AirEnhance"
,Tomato Fusarium Crown Rot,"CF25_Drought, CF5_pH<6, CF16>30°C","MF10_RapidDry, MF7_HeatAccum","MF9_MoistRetain, MF5_SurfaceCool"
