DiseaseID,Disease,CF_TriggerIncites,MF_IncreasesOccurance,MF_DecreasesOccurance
DIS0001,Alternaria Blight,"CF14_HighHumidity, CF16_20-30C, CF11_LeafWetness/PoorDrain","MF14_HighHumidity, MF12_AirReduce, MF9_MoistRetain","MF13_AirEnhance, MF10_RapidDry, MF3G_GroundSun"
DIS0002,Alternaria Leaf Blight,"CF14_HighHumidity, CF16_20-30C, CF11_LeafWetness/PoorDrain","MF14_HighHumidity, MF12_AirReduce, MF9_MoistRetain","MF13_AirEnhance, MF10_RapidDry, MF3G_GroundSun"
DIS0003,Alternaria Leaf Spot,"CF14_HighHumidity, CF16_20-30C, CF11_LeafWetness/PoorDrain","MF14_HighHumidity, MF12_AirReduce, MF9_MoistRetain","MF13_AirEnhance, MF10_RapidDry, MF3G_GroundSun"
DIS0004,Anthracnose,"CF14_HighHumidity, CF16_20-30C, CF11_LeafWetness/PoorDrain","MF14_HighHumidity, MF12_AirReduce, MF9_MoistRetain","MF13_AirEnhance, MF10_RapidDry, MF3G_GroundSun"
DIS0005,Anthracnose / Fruit Rot,"CF14_HighHumidity, CF16_20-30C, CF11_LeafWetness/PoorDrain","MF14_HighHumidity, MF12_AirReduce, MF9_MoistRetain","MF13_AirEnhance, MF10_RapidDry, MF3G_GroundSun"
DIS0006,Ascochyta Blight,"CF14_HighHumidity, CF16_20-30C, CF11_LeafWetness/PoorDrain","MF14_HighHumidity, MF12_AirReduce, MF9_MoistRetain","MF13_AirEnhance, MF10_RapidDry, MF3G_GroundSun"
DIS0007,Aster Yellows,"CF14_HighHumidity, CF16_20-30C, CF11_LeafWetness/PoorDrain","MF14_HighHumidity, MF12_AirReduce, MF9_MoistRetain","MF13_AirEnhance, MF10_RapidDry, MF3G_GroundSun"
DIS0008,Bacterial Blight,"CF14_HighHumidity/LeafWetness, CF16_25-35C, CF11_PoorDrain","MF14_HighHumidity, MF12_AirReduce, MF9_MoistRetain","MF13_AirEnhance, MF10_RapidDry, MF11_WindBarrier"
DIS0009,Bacterial Canker,"CF14_HighHumidity/LeafWetness, CF16_25-35C, CF11_PoorDrain","MF14_HighHumidity, MF12_AirReduce, MF9_MoistRetain","MF13_AirEnhance, MF10_RapidDry, MF11_WindBarrier"
DIS0010,Bacterial Leaf Blight,"CF14_HighHumidity/LeafWetness, CF16_25-35C, CF11_PoorDrain","MF14_HighHumidity, MF12_AirReduce, MF9_MoistRetain","MF13_AirEnhance, MF10_RapidDry, MF11_WindBarrier"
DIS0011,Bacterial Leaf Spot,"CF14_HighHumidity/LeafWetness, CF16_25-35C, CF11_PoorDrain","MF14_HighHumidity, MF12_AirReduce, MF9_MoistRetain","MF13_AirEnhance, MF10_RapidDry, MF11_WindBarrier"
DIS0012,Bacterial Stalk Rot,"CF14_HighHumidity/LeafWetness, CF16_25-35C, CF11_PoorDrain","MF14_HighHumidity, MF12_AirReduce, MF9_MoistRetain","MF13_AirEnhance, MF10_RapidDry, MF11_WindBarrier"
DIS0013,Bacterial Stripe,"CF14_HighHumidity/LeafWetness, CF16_25-35C, CF11_PoorDrain","MF14_HighHumidity, MF12_AirReduce, MF9_MoistRetain","MF13_AirEnhance, MF10_RapidDry, MF11_WindBarrier"
DIS0014,Bacterial Wilt,"CF14_HighHumidity/LeafWetness, CF16_25-35C, CF11_PoorDrain","MF14_HighHumidity, MF12_AirReduce, MF9_MoistRetain","MF13_AirEnhance, MF10_RapidDry, MF11_WindBarrier"
DIS0015,Basal Rot,"CF14_HighHumidity, CF16_20-30C, CF11_LeafWetness/PoorDrain","MF14_HighHumidity, MF12_AirReduce, MF9_MoistRetain","MF13_AirEnhance, MF10_RapidDry, MF3G_GroundSun"
DIS0016,Big Vein,"CF14_HighHumidity, CF16_20-30C, CF11_LeafWetness/PoorDrain","MF14_HighHumidity, MF12_AirReduce, MF9_MoistRetain","MF13_AirEnhance, MF10_RapidDry, MF3G_GroundSun"
DIS0017,Black Arm,"CF14_HighHumidity, CF16_20-30C, CF11_LeafWetness/PoorDrain","MF14_HighHumidity, MF12_AirReduce, MF9_MoistRetain","MF13_AirEnhance, MF10_RapidDry, MF3G_GroundSun"
DIS0018,Black Pod,"CF14_HighHumidity, CF16_20-30C, CF11_LeafWetness/PoorDrain","MF14_HighHumidity, MF12_AirReduce, MF9_MoistRetain","MF13_AirEnhance, MF10_RapidDry, MF3G_GroundSun"
DIS0019,Black Rot,"CF14_HighHumidity, CF16_20-30C, CF11_LeafWetness/PoorDrain","MF14_HighHumidity, MF12_AirReduce, MF9_MoistRetain","MF13_AirEnhance, MF10_RapidDry, MF3G_GroundSun"
DIS0020,Black Rust,"CF14_HighHumidity, CF16_20-30C, CF11_LeafWetness/PoorDrain","MF14_HighHumidity, MF12_AirReduce, MF9_MoistRetain","MF13_AirEnhance, MF10_RapidDry, MF3G_GroundSun"
DIS0021,Black Scurf,"CF14_HighHumidity, CF16_20-30C, CF11_LeafWetness/PoorDrain","MF14_HighHumidity, MF12_AirReduce, MF9_MoistRetain","MF13_AirEnhance, MF10_RapidDry, MF3G_GroundSun"
DIS0022,Blast,"CF14_HighHumidity, CF16_20-30C, CF11_LeafWetness/PoorDrain","MF14_HighHumidity, MF12_AirReduce, MF9_MoistRetain","MF13_AirEnhance, MF10_RapidDry, MF3G_GroundSun"
DIS0023,Blister Blight,"CF14_HighHumidity, CF16_20-30C, CF11_LeafWetness/PoorDrain","MF14_HighHumidity, MF12_AirReduce, MF9_MoistRetain","MF13_AirEnhance, MF10_RapidDry, MF3G_GroundSun"
DIS0024,Blue Mold,"CF14_HighHumidity, CF16_20-30C, CF11_LeafWetness/PoorDrain","MF14_HighHumidity, MF12_AirReduce, MF9_MoistRetain","MF13_AirEnhance, MF10_RapidDry, MF3G_GroundSun"
DIS0025,Boll Rot,"CF14_HighHumidity, CF16_20-30C, CF11_LeafWetness/PoorDrain","MF14_HighHumidity, MF12_AirReduce, MF9_MoistRetain","MF13_AirEnhance, MF10_RapidDry, MF3G_GroundSun"
DIS0026,Botrytis Gray Mold,"CF14_HighHumidity, CF16_20-30C, CF11_LeafWetness/PoorDrain","MF14_HighHumidity, MF12_AirReduce, MF9_MoistRetain","MF13_AirEnhance, MF10_RapidDry, MF3G_GroundSun"
DIS0027,Bottom Rot,"CF14_HighHumidity, CF16_20-30C, CF11_LeafWetness/PoorDrain","MF14_HighHumidity, MF12_AirReduce, MF9_MoistRetain","MF13_AirEnhance, MF10_RapidDry, MF3G_GroundSun"
DIS0028,Brown Rust,"CF14_HighHumidity, CF16_20-30C, CF11_LeafWetness/PoorDrain","MF14_HighHumidity, MF12_AirReduce, MF9_MoistRetain","MF13_AirEnhance, MF10_RapidDry, MF3G_GroundSun"
DIS0029,Brown Spot,"CF14_HighHumidity, CF16_20-30C, CF11_LeafWetness/PoorDrain","MF14_HighHumidity, MF12_AirReduce, MF9_MoistRetain","MF13_AirEnhance, MF10_RapidDry, MF3G_GroundSun"
DIS0030,Bud Necrosis,"CF14_HighHumidity, CF16_20-30C, CF11_LeafWetness/PoorDrain","MF14_HighHumidity, MF12_AirReduce, MF9_MoistRetain","MF13_AirEnhance, MF10_RapidDry, MF3G_GroundSun"
DIS0031,Bud Necrosis Virus,"CF21_VectorHigh, CF16_20-35C, CF14_HighCanopyHumidity","MF22_PestShelter, MF12_AirReduce","MF20_BeneficialInsect, MF21_PestDiversion, MF13_AirEnhance"
DIS0032,Bud Rot,"CF14_HighHumidity, CF16_20-30C, CF11_LeafWetness/PoorDrain","MF14_HighHumidity, MF12_AirReduce, MF9_MoistRetain","MF13_AirEnhance, MF10_RapidDry, MF3G_GroundSun"
DIS0033,Bunchy Top Virus,"CF21_VectorHigh, CF16_20-35C, CF14_HighCanopyHumidity","MF22_PestShelter, MF12_AirReduce","MF20_BeneficialInsect, MF21_PestDiversion, MF13_AirEnhance"
DIS0034,Capsule Rot / Azhukal,"CF14_HighHumidity, CF16_20-30C, CF11_LeafWetness/PoorDrain","MF14_HighHumidity, MF12_AirReduce, MF9_MoistRetain","MF13_AirEnhance, MF10_RapidDry, MF3G_GroundSun"
DIS0035,Cavity Spot,"CF14_HighHumidity, CF16_20-30C, CF11_LeafWetness/PoorDrain","MF14_HighHumidity, MF12_AirReduce, MF9_MoistRetain","MF13_AirEnhance, MF10_RapidDry, MF3G_GroundSun"
DIS0036,Cercospora Leaf Spot,"CF14_HighHumidity, CF16_20-30C, CF11_LeafWetness/PoorDrain","MF14_HighHumidity, MF12_AirReduce, MF9_MoistRetain","MF13_AirEnhance, MF10_RapidDry, MF3G_GroundSun"
DIS0037,Charcoal Rot,"CF14_HighHumidity, CF16_20-30C, CF11_LeafWetness/PoorDrain","MF14_HighHumidity, MF12_AirReduce, MF9_MoistRetain","MF13_AirEnhance, MF10_RapidDry, MF3G_GroundSun"
DIS0038,Chenthal,"CF14_HighHumidity, CF16_20-30C, CF11_LeafWetness/PoorDrain","MF14_HighHumidity, MF12_AirReduce, MF9_MoistRetain","MF13_AirEnhance, MF10_RapidDry, MF3G_GroundSun"
DIS0039,Chilli Damping Off (Pythium),"CF14_HighHumidity, CF16_20-30C, CF11_LeafWetness/PoorDrain","MF14_HighHumidity, MF12_AirReduce, MF9_MoistRetain","MF13_AirEnhance, MF10_RapidDry, MF3G_GroundSun"
DIS0040,Chilli Leaf Curl Virus,"CF21_VectorHigh, CF16_20-35C, CF14_HighCanopyHumidity","MF22_PestShelter, MF12_AirReduce","MF20_BeneficialInsect, MF21_PestDiversion, MF13_AirEnhance"
DIS0041,Chocolate Spot,"CF14_HighHumidity, CF16_20-30C, CF11_LeafWetness/PoorDrain","MF14_HighHumidity, MF12_AirReduce, MF9_MoistRetain","MF13_AirEnhance, MF10_RapidDry, MF3G_GroundSun"
DIS0042,Citrus Canker,"CF14_HighHumidity, CF16_20-30C, CF11_LeafWetness/PoorDrain","MF14_HighHumidity, MF12_AirReduce, MF9_MoistRetain","MF13_AirEnhance, MF10_RapidDry, MF3G_GroundSun"
DIS0043,Club Root,"CF14_HighHumidity, CF16_20-30C, CF11_LeafWetness/PoorDrain","MF14_HighHumidity, MF12_AirReduce, MF9_MoistRetain","MF13_AirEnhance, MF10_RapidDry, MF3G_GroundSun"
DIS0044,Coffee Leaf Rust,"CF14_HighHumidity, CF16_20-30C, CF11_LeafWetness/PoorDrain","MF14_HighHumidity, MF12_AirReduce, MF9_MoistRetain","MF13_AirEnhance, MF10_RapidDry, MF3G_GroundSun"
DIS0045,Collar Rot,"CF14_HighHumidity, CF16_20-30C, CF11_LeafWetness/PoorDrain","MF14_HighHumidity, MF12_AirReduce, MF9_MoistRetain","MF13_AirEnhance, MF10_RapidDry, MF3G_GroundSun"
DIS0046,Common Rust,"CF14_HighHumidity, CF16_20-30C, CF11_LeafWetness/PoorDrain","MF14_HighHumidity, MF12_AirReduce, MF9_MoistRetain","MF13_AirEnhance, MF10_RapidDry, MF3G_GroundSun"
DIS0047,Common Scab,"CF14_HighHumidity, CF16_20-30C, CF11_LeafWetness/PoorDrain","MF14_HighHumidity, MF12_AirReduce, MF9_MoistRetain","MF13_AirEnhance, MF10_RapidDry, MF3G_GroundSun"
DIS0048,Corm Rot,"CF14_HighHumidity, CF16_20-30C, CF11_LeafWetness/PoorDrain","MF14_HighHumidity, MF12_AirReduce, MF9_MoistRetain","MF13_AirEnhance, MF10_RapidDry, MF3G_GroundSun"
DIS0049,Cotton Boll Rot (Fusarium),"CF14_HighHumidity, CF16_20-30C, CF11_LeafWetness/PoorDrain","MF14_HighHumidity, MF12_AirReduce, MF9_MoistRetain","MF13_AirEnhance, MF10_RapidDry, MF3G_GroundSun"
DIS0050,Cotton Leaf Curl Virus,"CF21_VectorHigh, CF16_20-35C, CF14_HighCanopyHumidity","MF22_PestShelter, MF12_AirReduce","MF20_BeneficialInsect, MF21_PestDiversion, MF13_AirEnhance"
DIS0051,Cowpea Mosaic Virus,"CF21_VectorHigh, CF16_20-35C, CF14_HighCanopyHumidity","MF22_PestShelter, MF12_AirReduce","MF20_BeneficialInsect, MF21_PestDiversion, MF13_AirEnhance"
DIS0052,Curd Rot,"CF14_HighHumidity, CF16_20-30C, CF11_LeafWetness/PoorDrain","MF14_HighHumidity, MF12_AirReduce, MF9_MoistRetain","MF13_AirEnhance, MF10_RapidDry, MF3G_GroundSun"
DIS0053,Damping Off,"CF14_HighHumidity, CF16_20-30C, CF11_LeafWetness/PoorDrain","MF14_HighHumidity, MF12_AirReduce, MF9_MoistRetain","MF13_AirEnhance, MF10_RapidDry, MF3G_GroundSun"
DIS0054,Dieback,"CF14_HighHumidity, CF16_20-30C, CF11_LeafWetness/PoorDrain","MF14_HighHumidity, MF12_AirReduce, MF9_MoistRetain","MF13_AirEnhance, MF10_RapidDry, MF3G_GroundSun"
DIS0055,Downy Mildew,"CF14_HighHumidity, CF16_20-30C, CF11_LeafWetness/PoorDrain","MF14_HighHumidity, MF12_AirReduce, MF9_MoistRetain","MF13_AirEnhance, MF10_RapidDry, MF3G_GroundSun"
DIS0056,Dry Root Rot,"CF14_HighHumidity, CF16_20-30C, CF11_LeafWetness/PoorDrain","MF14_HighHumidity, MF12_AirReduce, MF9_MoistRetain","MF13_AirEnhance, MF10_RapidDry, MF3G_GroundSun"
DIS0057,Dry Rot,"CF14_HighHumidity, CF16_20-30C, CF11_LeafWetness/PoorDrain","MF14_HighHumidity, MF12_AirReduce, MF9_MoistRetain","MF13_AirEnhance, MF10_RapidDry, MF3G_GroundSun"
DIS0058,Early Blight,"CF14_HighHumidity, CF16_20-30C, CF11_LeafWetness/PoorDrain","MF14_HighHumidity, MF12_AirReduce, MF9_MoistRetain","MF13_AirEnhance, MF10_RapidDry, MF3G_GroundSun"
DIS0059,Enation Leaf Curl,"CF21_VectorHigh, CF16_20-35C, CF14_HighCanopyHumidity","MF22_PestShelter, MF12_AirReduce","MF20_BeneficialInsect, MF21_PestDiversion, MF13_AirEnhance"
DIS0060,Ergot,"CF14_HighHumidity, CF16_20-30C, CF11_LeafWetness/PoorDrain","MF14_HighHumidity, MF12_AirReduce, MF9_MoistRetain","MF13_AirEnhance, MF10_RapidDry, MF3G_GroundSun"
DIS0061,Foot Rot,"CF14_HighHumidity, CF16_20-30C, CF11_LeafWetness/PoorDrain","MF14_HighHumidity, MF12_AirReduce, MF9_MoistRetain","MF13_AirEnhance, MF10_RapidDry, MF3G_GroundSun"
DIS0062,Foot Rot / Quick Wilt,"CF14_HighHumidity, CF16_20-30C, CF11_LeafWetness/PoorDrain","MF14_HighHumidity, MF12_AirReduce, MF9_MoistRetain","MF13_AirEnhance, MF10_RapidDry, MF3G_GroundSun"
DIS0063,Foot Rot / Stem Rot,"CF14_HighHumidity, CF16_20-30C, CF11_LeafWetness/PoorDrain","MF14_HighHumidity, MF12_AirReduce, MF9_MoistRetain","MF13_AirEnhance, MF10_RapidDry, MF3G_GroundSun"
DIS0064,Foot Rot / Wilt,"CF14_HighHumidity, CF16_20-30C, CF11_LeafWetness/PoorDrain","MF14_HighHumidity, MF12_AirReduce, MF9_MoistRetain","MF13_AirEnhance, MF10_RapidDry, MF3G_GroundSun"
DIS0065,Fruit Canker,"CF14_HighHumidity, CF16_20-30C, CF11_LeafWetness/PoorDrain","MF14_HighHumidity, MF12_AirReduce, MF9_MoistRetain","MF13_AirEnhance, MF10_RapidDry, MF3G_GroundSun"
DIS0066,Fruit Rot,"CF14_HighHumidity, CF16_20-30C, CF11_LeafWetness/PoorDrain","MF14_HighHumidity, MF12_AirReduce, MF9_MoistRetain","MF13_AirEnhance, MF10_RapidDry, MF3G_GroundSun"
DIS0067,Fruit Rot / Mahali,"CF14_HighHumidity, CF16_20-30C, CF11_LeafWetness/PoorDrain","MF14_HighHumidity, MF12_AirReduce, MF9_MoistRetain","MF13_AirEnhance, MF10_RapidDry, MF3G_GroundSun"
DIS0068,Fruit Spot,"CF14_HighHumidity, CF16_20-30C, CF11_LeafWetness/PoorDrain","MF14_HighHumidity, MF12_AirReduce, MF9_MoistRetain","MF13_AirEnhance, MF10_RapidDry, MF3G_GroundSun"
DIS0069,Fusarium Wilt,"CF14_HighHumidity, CF16_20-30C, CF11_LeafWetness/PoorDrain","MF14_HighHumidity, MF12_AirReduce, MF9_MoistRetain","MF13_AirEnhance, MF10_RapidDry, MF3G_GroundSun"
DIS0070,Ganoderma / Foot Rot,"CF14_HighHumidity, CF16_20-30C, CF11_LeafWetness/PoorDrain","MF14_HighHumidity, MF12_AirReduce, MF9_MoistRetain","MF13_AirEnhance, MF10_RapidDry, MF3G_GroundSun"
DIS0071,Grain Smut,"CF14_HighHumidity, CF16_20-30C, CF11_LeafWetness/PoorDrain","MF14_HighHumidity, MF12_AirReduce, MF9_MoistRetain","MF13_AirEnhance, MF10_RapidDry, MF3G_GroundSun"
DIS0072,Grassy Shoot,"CF14_HighHumidity, CF16_20-30C, CF11_LeafWetness/PoorDrain","MF14_HighHumidity, MF12_AirReduce, MF9_MoistRetain","MF13_AirEnhance, MF10_RapidDry, MF3G_GroundSun"
DIS0073,Greening,"CF14_HighHumidity, CF16_20-30C, CF11_LeafWetness/PoorDrain","MF14_HighHumidity, MF12_AirReduce, MF9_MoistRetain","MF13_AirEnhance, MF10_RapidDry, MF3G_GroundSun"
DIS0074,Grey Blight,"CF14_HighHumidity, CF16_20-30C, CF11_LeafWetness/PoorDrain","MF14_HighHumidity, MF12_AirReduce, MF9_MoistRetain","MF13_AirEnhance, MF10_RapidDry, MF3G_GroundSun"
DIS0075,Groundnut Dry Root Rot (Macrophomina),"CF14_HighHumidity, CF16_20-30C, CF11_LeafWetness/PoorDrain","MF14_HighHumidity, MF12_AirReduce, MF9_MoistRetain","MF13_AirEnhance, MF10_RapidDry, MF3G_GroundSun"
DIS0076,Groundnut Tikka Leaf Spot (Cercospora),"CF14_HighHumidity, CF16_20-30C, CF11_LeafWetness/PoorDrain","MF14_HighHumidity, MF12_AirReduce, MF9_MoistRetain","MF13_AirEnhance, MF10_RapidDry, MF3G_GroundSun"
DIS0077,Gummosis,"CF14_HighHumidity, CF16_20-30C, CF11_LeafWetness/PoorDrain","MF14_HighHumidity, MF12_AirReduce, MF9_MoistRetain","MF13_AirEnhance, MF10_RapidDry, MF3G_GroundSun"
DIS0078,Head Blight,"CF14_HighHumidity, CF16_20-30C, CF11_LeafWetness/PoorDrain","MF14_HighHumidity, MF12_AirReduce, MF9_MoistRetain","MF13_AirEnhance, MF10_RapidDry, MF3G_GroundSun"
DIS0079,Head Rot,"CF14_HighHumidity, CF16_20-30C, CF11_LeafWetness/PoorDrain","MF14_HighHumidity, MF12_AirReduce, MF9_MoistRetain","MF13_AirEnhance, MF10_RapidDry, MF3G_GroundSun"
DIS0080,Head Smut,"CF14_HighHumidity, CF16_20-30C, CF11_LeafWetness/PoorDrain","MF14_HighHumidity, MF12_AirReduce, MF9_MoistRetain","MF13_AirEnhance, MF10_RapidDry, MF3G_GroundSun"
DIS0081,Heart Rot (High - Boron),"CF14_HighHumidity, CF16_20-30C, CF11_LeafWetness/PoorDrain","MF14_HighHumidity, MF12_AirReduce, MF9_MoistRetain","MF13_AirEnhance, MF10_RapidDry, MF3G_GroundSun"
DIS0082,Helminthosporium Leaf Spot,"CF14_HighHumidity, CF16_20-30C, CF11_LeafWetness/PoorDrain","MF14_HighHumidity, MF12_AirReduce, MF9_MoistRetain","MF13_AirEnhance, MF10_RapidDry, MF3G_GroundSun"
DIS0083,Katte / Mosaic Virus,"CF21_VectorHigh, CF16_20-35C, CF14_HighCanopyHumidity","MF22_PestShelter, MF12_AirReduce","MF20_BeneficialInsect, MF21_PestDiversion, MF13_AirEnhance"
DIS0084,Khaira Disease (Zn deficiency),"CF4_LowOrganicCarbon/MicronutrientImbalance, CF5_pH_imbalance","MF10_RapidDry, MF15_DryAtm","MF9_MoistRetain, MF17_SurfaceMulch"
DIS0085,Late Blight,"CF14_HighHumidity, CF16_20-30C, CF11_LeafWetness/PoorDrain","MF14_HighHumidity, MF12_AirReduce, MF9_MoistRetain","MF13_AirEnhance, MF10_RapidDry, MF3G_GroundSun"
DIS0086,Leaf Blight,"CF14_HighHumidity, CF16_20-30C, CF11_LeafWetness/PoorDrain","MF14_HighHumidity, MF12_AirReduce, MF9_MoistRetain","MF13_AirEnhance, MF10_RapidDry, MF3G_GroundSun"
DIS0087,Leaf Blotch,"CF14_HighHumidity, CF16_20-30C, CF11_LeafWetness/PoorDrain","MF14_HighHumidity, MF12_AirReduce, MF9_MoistRetain","MF13_AirEnhance, MF10_RapidDry, MF3G_GroundSun"
DIS0088,Leaf Curl,"CF21_VectorHigh, CF16_20-35C, CF14_HighCanopyHumidity","MF22_PestShelter, MF12_AirReduce","MF20_BeneficialInsect, MF21_PestDiversion, MF13_AirEnhance"
DIS0089,Leaf Curl Virus,"CF21_VectorHigh, CF16_20-35C, CF14_HighCanopyHumidity","MF22_PestShelter, MF12_AirReduce","MF20_BeneficialInsect, MF21_PestDiversion, MF13_AirEnhance"
DIS0090,Leaf Rot,"CF14_HighHumidity, CF16_20-30C, CF11_LeafWetness/PoorDrain","MF14_HighHumidity, MF12_AirReduce, MF9_MoistRetain","MF13_AirEnhance, MF10_RapidDry, MF3G_GroundSun"
DIS0091,Leaf Spot,"CF14_HighHumidity, CF16_20-30C, CF11_LeafWetness/PoorDrain","MF14_HighHumidity, MF12_AirReduce, MF9_MoistRetain","MF13_AirEnhance, MF10_RapidDry, MF3G_GroundSun"
DIS0092,Little Leaf,"CF14_HighHumidity, CF16_20-30C, CF11_LeafWetness/PoorDrain","MF14_HighHumidity, MF12_AirReduce, MF9_MoistRetain","MF13_AirEnhance, MF10_RapidDry, MF3G_GroundSun"
DIS0093,Loose Smut,"CF14_HighHumidity, CF16_20-30C, CF11_LeafWetness/PoorDrain","MF14_HighHumidity, MF12_AirReduce, MF9_MoistRetain","MF13_AirEnhance, MF10_RapidDry, MF3G_GroundSun"
DIS0094,Macrophomina Root Rot,"CF14_HighHumidity, CF16_20-30C, CF11_LeafWetness/PoorDrain","MF14_HighHumidity, MF12_AirReduce, MF9_MoistRetain","MF13_AirEnhance, MF10_RapidDry, MF3G_GroundSun"
DIS0095,Maize Downy Mildew (Peronosclerospora),"CF14_HighHumidity, CF16_20-30C, CF11_LeafWetness/PoorDrain","MF14_HighHumidity, MF12_AirReduce, MF9_MoistRetain","MF13_AirEnhance, MF10_RapidDry, MF3G_GroundSun"
DIS0096,Malformation,"CF14_HighHumidity, CF16_20-30C, CF11_LeafWetness/PoorDrain","MF14_HighHumidity, MF12_AirReduce, MF9_MoistRetain","MF13_AirEnhance, MF10_RapidDry, MF3G_GroundSun"
DIS0097,Maydis Leaf Blight,"CF14_HighHumidity, CF16_20-30C, CF11_LeafWetness/PoorDrain","MF14_HighHumidity, MF12_AirReduce, MF9_MoistRetain","MF13_AirEnhance, MF10_RapidDry, MF3G_GroundSun"
DIS0098,Moko Wilt,"CF14_HighHumidity, CF16_20-30C, CF11_LeafWetness/PoorDrain","MF14_HighHumidity, MF12_AirReduce, MF9_MoistRetain","MF13_AirEnhance, MF10_RapidDry, MF3G_GroundSun"
DIS0099,Mosaic Virus,"CF21_VectorHigh, CF16_20-35C, CF14_HighCanopyHumidity","MF22_PestShelter, MF12_AirReduce","MF20_BeneficialInsect, MF21_PestDiversion, MF13_AirEnhance"
DIS0100,Mottling,"CF14_HighHumidity, CF16_20-30C, CF11_LeafWetness/PoorDrain","MF14_HighHumidity, MF12_AirReduce, MF9_MoistRetain","MF13_AirEnhance, MF10_RapidDry, MF3G_GroundSun"
DIS0101,Neck Rot,"CF14_HighHumidity, CF16_20-30C, CF11_LeafWetness/PoorDrain","MF14_HighHumidity, MF12_AirReduce, MF9_MoistRetain","MF13_AirEnhance, MF10_RapidDry, MF3G_GroundSun"
DIS0102,Panama Wilt,"CF14_HighHumidity, CF16_20-30C, CF11_LeafWetness/PoorDrain","MF14_HighHumidity, MF12_AirReduce, MF9_MoistRetain","MF13_AirEnhance, MF10_RapidDry, MF3G_GroundSun"
DIS0103,Phomopsis Blight,"CF14_HighHumidity, CF16_20-30C, CF11_LeafWetness/PoorDrain","MF14_HighHumidity, MF12_AirReduce, MF9_MoistRetain","MF13_AirEnhance, MF10_RapidDry, MF3G_GroundSun"
DIS0104,Phyllody,"CF14_HighHumidity, CF16_20-30C, CF11_LeafWetness/PoorDrain","MF14_HighHumidity, MF12_AirReduce, MF9_MoistRetain","MF13_AirEnhance, MF10_RapidDry, MF3G_GroundSun"
DIS0105,Phytophthora Blight,"CF14_HighHumidity, CF16_20-30C, CF11_LeafWetness/PoorDrain","MF14_HighHumidity, MF12_AirReduce, MF9_MoistRetain","MF13_AirEnhance, MF10_RapidDry, MF3G_GroundSun"
DIS0106,Pink Disease,"CF14_HighHumidity, CF16_20-30C, CF11_LeafWetness/PoorDrain","MF14_HighHumidity, MF12_AirReduce, MF9_MoistRetain","MF13_AirEnhance, MF10_RapidDry, MF3G_GroundSun"
DIS0107,Pod Rot,"CF14_HighHumidity, CF16_20-30C, CF11_LeafWetness/PoorDrain","MF14_HighHumidity, MF12_AirReduce, MF9_MoistRetain","MF13_AirEnhance, MF10_RapidDry, MF3G_GroundSun"
DIS0108,Pollu Disease,"CF14_HighHumidity, CF16_20-30C, CF11_LeafWetness/PoorDrain","MF14_HighHumidity, MF12_AirReduce, MF9_MoistRetain","MF13_AirEnhance, MF10_RapidDry, MF3G_GroundSun"
DIS0109,Potato Virus,"CF21_VectorHigh, CF16_20-35C, CF14_HighCanopyHumidity","MF22_PestShelter, MF12_AirReduce","MF20_BeneficialInsect, MF21_PestDiversion, MF13_AirEnhance"
DIS0110,Powdery Mildew,"CF14_HighHumidity, CF16_20-30C, CF11_LeafWetness/PoorDrain","MF14_HighHumidity, MF12_AirReduce, MF9_MoistRetain","MF13_AirEnhance, MF10_RapidDry, MF3G_GroundSun"
DIS0111,Purple Blotch,"CF14_HighHumidity, CF16_20-30C, CF11_LeafWetness/PoorDrain","MF14_HighHumidity, MF12_AirReduce, MF9_MoistRetain","MF13_AirEnhance, MF10_RapidDry, MF3G_GroundSun"
DIS0112,Pythium,"CF14_HighHumidity, CF16_20-30C, CF11_LeafWetness/PoorDrain","MF14_HighHumidity, MF12_AirReduce, MF9_MoistRetain","MF13_AirEnhance, MF10_RapidDry, MF3G_GroundSun"
DIS0113,Red Rot,"CF14_HighHumidity, CF16_20-30C, CF11_LeafWetness/PoorDrain","MF14_HighHumidity, MF12_AirReduce, MF9_MoistRetain","MF13_AirEnhance, MF10_RapidDry, MF3G_GroundSun"
DIS0114,Red Rust,"CF14_HighHumidity, CF16_20-30C, CF11_LeafWetness/PoorDrain","MF14_HighHumidity, MF12_AirReduce, MF9_MoistRetain","MF13_AirEnhance, MF10_RapidDry, MF3G_GroundSun"
DIS0115,Redgram Wilt (Fusarium),"CF14_HighHumidity, CF16_20-30C, CF11_LeafWetness/PoorDrain","MF14_HighHumidity, MF12_AirReduce, MF9_MoistRetain","MF13_AirEnhance, MF10_RapidDry, MF3G_GroundSun"
DIS0116,Rhizome Rot,"CF14_HighHumidity, CF16_20-30C, CF11_LeafWetness/PoorDrain","MF14_HighHumidity, MF12_AirReduce, MF9_MoistRetain","MF13_AirEnhance, MF10_RapidDry, MF3G_GroundSun"
DIS0117,Rhizopus Fruit Rot,"CF14_HighHumidity, CF16_20-30C, CF11_LeafWetness/PoorDrain","MF14_HighHumidity, MF12_AirReduce, MF9_MoistRetain","MF13_AirEnhance, MF10_RapidDry, MF3G_GroundSun"
DIS0118,Rice Bacterial Leaf Blight (Xanthomonas oryzae),"CF14_HighHumidity/LeafWetness, CF16_25-35C, CF11_PoorDrain","MF14_HighHumidity, MF12_AirReduce, MF9_MoistRetain","MF13_AirEnhance, MF10_RapidDry, MF11_WindBarrier"
DIS0119,Rice Blast (Pyricularia oryzae),"CF14_HighHumidity, CF16_20-30C, CF11_LeafWetness/PoorDrain","MF14_HighHumidity, MF12_AirReduce, MF9_MoistRetain","MF13_AirEnhance, MF10_RapidDry, MF3G_GroundSun"
DIS0120,Rice Sheath Blight (Rhizoctonia solani),"CF14_HighHumidity, CF16_20-30C, CF11_LeafWetness/PoorDrain","MF14_HighHumidity, MF12_AirReduce, MF9_MoistRetain","MF13_AirEnhance, MF10_RapidDry, MF3G_GroundSun"
DIS0121,Rice Tungro Virus,"CF21_VectorHigh, CF16_20-35C, CF14_HighCanopyHumidity","MF22_PestShelter, MF12_AirReduce","MF20_BeneficialInsect, MF21_PestDiversion, MF13_AirEnhance"
DIS0122,Ring Spot Virus,"CF21_VectorHigh, CF16_20-35C, CF14_HighCanopyHumidity","MF22_PestShelter, MF12_AirReduce","MF20_BeneficialInsect, MF21_PestDiversion, MF13_AirEnhance"
DIS0123,Root Rot,"CF14_HighHumidity, CF16_20-30C, CF11_LeafWetness/PoorDrain","MF14_HighHumidity, MF12_AirReduce, MF9_MoistRetain","MF13_AirEnhance, MF10_RapidDry, MF3G_GroundSun"
DIS0124,Root Wilt,"CF14_HighHumidity, CF16_20-30C, CF11_LeafWetness/PoorDrain","MF14_HighHumidity, MF12_AirReduce, MF9_MoistRetain","MF13_AirEnhance, MF10_RapidDry, MF3G_GroundSun"
DIS0125,Rust,"CF14_HighHumidity, CF16_20-30C, CF11_LeafWetness/PoorDrain","MF14_HighHumidity, MF12_AirReduce, MF9_MoistRetain","MF13_AirEnhance, MF10_RapidDry, MF3G_GroundSun"
DIS0126,Scab,"CF14_HighHumidity, CF16_20-30C, CF11_LeafWetness/PoorDrain","MF14_HighHumidity, MF12_AirReduce, MF9_MoistRetain","MF13_AirEnhance, MF10_RapidDry, MF3G_GroundSun"
DIS0127,Sclerotinia,"CF14_HighHumidity, CF16_20-30C, CF11_LeafWetness/PoorDrain","MF14_HighHumidity, MF12_AirReduce, MF9_MoistRetain","MF13_AirEnhance, MF10_RapidDry, MF3G_GroundSun"
DIS0128,Sclerotinia Stem Rot,"CF14_HighHumidity, CF16_20-30C, CF11_LeafWetness/PoorDrain","MF14_HighHumidity, MF12_AirReduce, MF9_MoistRetain","MF13_AirEnhance, MF10_RapidDry, MF3G_GroundSun"
DIS0129,Seedling Blight,"CF14_HighHumidity, CF16_20-30C, CF11_LeafWetness/PoorDrain","MF14_HighHumidity, MF12_AirReduce, MF9_MoistRetain","MF13_AirEnhance, MF10_RapidDry, MF3G_GroundSun"
DIS0130,Seedling Wilt,"CF14_HighHumidity, CF16_20-30C, CF11_LeafWetness/PoorDrain","MF14_HighHumidity, MF12_AirReduce, MF9_MoistRetain","MF13_AirEnhance, MF10_RapidDry, MF3G_GroundSun"
DIS0131,Sheath Blight,"CF14_HighHumidity, CF16_20-30C, CF11_LeafWetness/PoorDrain","MF14_HighHumidity, MF12_AirReduce, MF9_MoistRetain","MF13_AirEnhance, MF10_RapidDry, MF3G_GroundSun"
DIS0132,Sigatoka Leaf Spot,"CF14_HighHumidity, CF16_20-30C, CF11_LeafWetness/PoorDrain","MF14_HighHumidity, MF12_AirReduce, MF9_MoistRetain","MF13_AirEnhance, MF10_RapidDry, MF3G_GroundSun"
DIS0133,Slow Wilt,"CF14_HighHumidity, CF16_20-30C, CF11_LeafWetness/PoorDrain","MF14_HighHumidity, MF12_AirReduce, MF9_MoistRetain","MF13_AirEnhance, MF10_RapidDry, MF3G_GroundSun"
DIS0134,Smut,"CF14_HighHumidity, CF16_20-30C, CF11_LeafWetness/PoorDrain","MF14_HighHumidity, MF12_AirReduce, MF9_MoistRetain","MF13_AirEnhance, MF10_RapidDry, MF3G_GroundSun"
DIS0135,Soft Rot,"CF14_HighHumidity, CF16_20-30C, CF11_LeafWetness/PoorDrain","MF14_HighHumidity, MF12_AirReduce, MF9_MoistRetain","MF13_AirEnhance, MF10_RapidDry, MF3G_GroundSun"
DIS0136,Stem Bleeding,"CF14_HighHumidity, CF16_20-30C, CF11_LeafWetness/PoorDrain","MF14_HighHumidity, MF12_AirReduce, MF9_MoistRetain","MF13_AirEnhance, MF10_RapidDry, MF3G_GroundSun"
DIS0137,Stem Canker,"CF14_HighHumidity, CF16_20-30C, CF11_LeafWetness/PoorDrain","MF14_HighHumidity, MF12_AirReduce, MF9_MoistRetain","MF13_AirEnhance, MF10_RapidDry, MF3G_GroundSun"
DIS0138,Stem Gall,"CF14_HighHumidity, CF16_20-30C, CF11_LeafWetness/PoorDrain","MF14_HighHumidity, MF12_AirReduce, MF9_MoistRetain","MF13_AirEnhance, MF10_RapidDry, MF3G_GroundSun"
DIS0139,Stem Rot,"CF14_HighHumidity, CF16_20-30C, CF11_LeafWetness/PoorDrain","MF14_HighHumidity, MF12_AirReduce, MF9_MoistRetain","MF13_AirEnhance, MF10_RapidDry, MF3G_GroundSun"
DIS0140,Stemphylium Blight,"CF14_HighHumidity, CF16_20-30C, CF11_LeafWetness/PoorDrain","MF14_HighHumidity, MF12_AirReduce, MF9_MoistRetain","MF13_AirEnhance, MF10_RapidDry, MF3G_GroundSun"
DIS0141,Sterility Mosaic,"CF21_VectorHigh, CF16_20-35C, CF14_HighCanopyHumidity","MF22_PestShelter, MF12_AirReduce","MF20_BeneficialInsect, MF21_PestDiversion, MF13_AirEnhance"
DIS0142,Stunt Disease,"CF14_HighHumidity, CF16_20-30C, CF11_LeafWetness/PoorDrain","MF14_HighHumidity, MF12_AirReduce, MF9_MoistRetain","MF13_AirEnhance, MF10_RapidDry, MF3G_GroundSun"
DIS0143,Tanjore Wilt,"CF14_HighHumidity, CF16_20-30C, CF11_LeafWetness/PoorDrain","MF14_HighHumidity, MF12_AirReduce, MF9_MoistRetain","MF13_AirEnhance, MF10_RapidDry, MF3G_GroundSun"
DIS0144,Tikka Leaf Spot,"CF14_HighHumidity, CF16_20-30C, CF11_LeafWetness/PoorDrain","MF14_HighHumidity, MF12_AirReduce, MF9_MoistRetain","MF13_AirEnhance, MF10_RapidDry, MF3G_GroundSun"
DIS0145,Tristeza Virus,"CF21_VectorHigh, CF16_20-35C, CF14_HighCanopyHumidity","MF22_PestShelter, MF12_AirReduce","MF20_BeneficialInsect, MF21_PestDiversion, MF13_AirEnhance"
DIS0146,Turcicum Leaf Blight,"CF14_HighHumidity, CF16_20-30C, CF11_LeafWetness/PoorDrain","MF14_HighHumidity, MF12_AirReduce, MF9_MoistRetain","MF13_AirEnhance, MF10_RapidDry, MF3G_GroundSun"
DIS0147,Twig Blight,"CF14_HighHumidity, CF16_20-30C, CF11_LeafWetness/PoorDrain","MF14_HighHumidity, MF12_AirReduce, MF9_MoistRetain","MF13_AirEnhance, MF10_RapidDry, MF3G_GroundSun"
DIS0148,Vascular Streak Dieback,"CF14_HighHumidity, CF16_20-30C, CF11_LeafWetness/PoorDrain","MF14_HighHumidity, MF12_AirReduce, MF9_MoistRetain","MF13_AirEnhance, MF10_RapidDry, MF3G_GroundSun"
DIS0149,Virus,"CF21_VectorHigh, CF16_20-35C, CF14_HighCanopyHumidity","MF22_PestShelter, MF12_AirReduce","MF20_BeneficialInsect, MF21_PestDiversion, MF13_AirEnhance"
DIS0150,White Rust,"CF14_HighHumidity, CF16_20-30C, CF11_LeafWetness/PoorDrain","MF14_HighHumidity, MF12_AirReduce, MF9_MoistRetain","MF13_AirEnhance, MF10_RapidDry, MF3G_GroundSun"
DIS0151,Wilt,"CF14_HighHumidity, CF16_20-30C, CF11_LeafWetness/PoorDrain","MF14_HighHumidity, MF12_AirReduce, MF9_MoistRetain","MF13_AirEnhance, MF10_RapidDry, MF3G_GroundSun"
DIS0152,Witches Broom,"CF14_HighHumidity, CF16_20-30C, CF11_LeafWetness/PoorDrain","MF14_HighHumidity, MF12_AirReduce, MF9_MoistRetain","MF13_AirEnhance, MF10_RapidDry, MF3G_GroundSun"
DIS0153,Yellow Leaf Disease,"CF14_HighHumidity, CF16_20-30C, CF11_LeafWetness/PoorDrain","MF14_HighHumidity, MF12_AirReduce, MF9_MoistRetain","MF13_AirEnhance, MF10_RapidDry, MF3G_GroundSun"
DIS0154,Yellow Mosaic Virus,"CF21_VectorHigh, CF16_20-35C, CF14_HighCanopyHumidity","MF22_PestShelter, MF12_AirReduce","MF20_BeneficialInsect, MF21_PestDiversion, MF13_AirEnhance"
DIS0155,Yellow Rust,"CF14_HighHumidity, CF16_20-30C, CF11_LeafWetness/PoorDrain","MF14_HighHumidity, MF12_AirReduce, MF9_MoistRetain","MF13_AirEnhance, MF10_RapidDry, MF3G_GroundSun"
DIS0156,Yellow Vein Mosaic Virus,"CF21_VectorHigh, CF16_20-35C, CF14_HighCanopyHumidity","MF22_PestShelter, MF12_AirReduce","MF20_BeneficialInsect, MF21_PestDiversion, MF13_AirEnhance"
DIS0157,Yellows / Wilt,"CF14_HighHumidity, CF16_20-30C, CF11_LeafWetness/PoorDrain","MF14_HighHumidity, MF12_AirReduce, MF9_MoistRetain","MF13_AirEnhance, MF10_RapidDry, MF3G_GroundSun"
